'LAKE NAME', 'CONTENTS', 'DATE', 'FUZZY MATCH'
WASHTENAW_SUGARLOAF_MNGM_0001_2.csv,7. Lake removed from list of  Experimental lakes. ,1963,1
SCHOOLCRAFT_VANCE_MNGM_0001_1.csv,2. 10.9 and 22.0 kg/HA removed 78 &  Catch per net night increased from ,4/80 ,1
MASON_GUN_MNGM_0004_1.csv,"8. Remove dam, release water and  pike because of possible contribu-  tory effect on high water table  which flood basements of nearby  residents. ",5/60 ,0
GLADWIN_HOISTER_MNGM_0006_3.csv,23. Chemically treated fall 1971 and  restocked with rainbow trout. ,1/72 ,0
GRANDTRAVERSE_SANDLAKE3_MNGM_0002_1.csv,1. Lake poisoned fall 1956. ,12/56 ,1
GOGEBIC_FOXPAW_MNGM_0002_1.csv,5. Lake treated with rotenone 10/64 ,8/65 ,1
MONTCALM_TURK_MNGM_0003_1.csv,2. Chem. treated with rotenone for  panfish reduction 8/56. Lake stocked  with 1500 SL 1. m. bass 1956 and  140 (L) pike 1957. ,1/61 ,1
BARAGA_ALBERTA_MNGM_0002_1.csv,2. Pond treated with 0. 25 ppm rotenone ,9/58 ,1
DELTA_BANANA_MNGM_0003_2.csv,9. Poisoned 7/19/66 (LSI-Mgt) ,1966.0,0
SCHOOLCRAFT_BLUEGILL_MNGM_0002_1.csv,3. Reclaimed lake with rotenone  9/26/62 (LSI) ,1962.0,1
OGEMAW_NERO_MNGM_0003_1.csv,"1. Poisoned, August, 1946. ",7/1955 ,0
OGEMAW_NERO_MNGM_0003_1.csv,"42. Removed from trout lake classi-  fication, 1953, warm water fish taken ",11/61 ,0
BARAGA_ROLLAND_MNGM_0003_2.csv,18. Lake treated with 0. 5+ ppm  rotenone 9/1/66. ,9/66 ,1
BARAGA_KNIGHT_MNGM_0001_1.csv,3. Neeting & spot poisoning failed to  bass. A large popul. of minnows ,LM ,1
BARAGA_LAWS_MNGM_0001_1.csv,11. Revised.  12 Lake treated with 0. 5+ ppm rotenone OFF ,8/23/66; ,1
LAPEER_YOUNGS_MNGM_0001_1.csv,1. Rotenone applied by airplane. ,10/71 ,0
SAGINAW_LINTON_MNGM_0003_1.csv,9. Lake chemically treated. ,9/64 ,1
LAPEER_BASSO_MNGM_0001_1.csv,2. Killed out with rotenone ,10/71 ,0
LUCE_LOST_MNGM_0003_1.csv,"2. Poisoned August, 1948 ",10/4 ,0
LIVINGSTON_MURRAY_MNGM_0002_1.csv,2. Chem. treat with rotenone by LSI ,12/60 ,1
LIVINGSTON_MURRAY_MNGM_0002_1.csv,10. Chemically treated in fall of ,10/69 ,0
IRON_STANLEY_MNGM_0001_1.csv,"6. Done. 1, 380 kg. of S. perch  removed 5/80; 15,500 fingerling  walleyes were stocked 7/80 ",2/81 ,1
KENT_KENTLEAGUE_MNGM_0002_1.csv,5. Chemically reclaimed. ,5/68 ,0
JACKSON_CRISPELL_MNGM_0001_1.csv,"4. Fishery survey conducted May 11,  Chemical reclamation not warranted.  Largemouth bass population impressive. ",6/77 ,0
JACKSON_CRISPELL_MNGM_0001_1.csv,"5. Proposed antimycin treatment project  accepted by association. Treatment  contingent upon procural of chemical  (Chemical not received by June 1, ",5/78 ,0
JACKSON_CRISPELL_MNGM_0001_1.csv,"6. Lake treated with 1. 7ppb of antimycin  on 5/22/78. Kill appears adequate,  although more bass were killed than  anticipated. ",,0
ANTRIM_GREEN_MNGM_0001_1.csv,4. Poisoned August 1948. Closed to  use of live minnows. ,1951 ,0
OAKLAND_CRYSTAL_MNGM_0002_1.csv,"3. Chem. treated, rotenone 9/9/65 ",9/65 ,1
INGHAM_REDCEDAR_MNGM_0001_1.csv,3. Lake chemically treated in Sept. ,BFV 9770 ,1
MARQUETTE_BEDSPRING_MNGM_0003_1.csv,3. Trout plants discontinued as of  1949. Removed from trout list  effective 1951. ,1951 ,0
MARQUETTE_BEDSPRING_MNGM_0003_1.csv,5. Treated with rotenone (9 gals) at  concentration of . 5ppm by LSI  Test netted by LSI. Complete kills  indicated.  Checked with test fish and found  non-toxic ,8/20/63 ,1
GLADWIN_HOISTER_MNGM_0006_2.csv,9. Lake poisoned following completion  of dam. ,1/60 ,1
VANBUREN_THREELEGGED_MNGM_0001_1.csv,10. Treated with Fintrol Concentrate  at 1.5 ppb. Removed 90% of the panfish  60% of the bass. ,9/72 ,0
IRON_NORWAY_MNGM_0001_1.csv,"2. Gillnetting July 29-30, 1963 produced  only a few y. perch in poor condition  and 1 p'seed. By D.F.S.  3a. Poisoning of lake deferred  indefinitely because of opposition  from fishermen and U. S. Forest  Serv. Supervisor ",7/63 ,0
ONTONAGON_UNIONSPRINGS_MNGM_0001_1.csv,3. Main basin treated with rotenone  10/5/66; pond reflooded immediately  following treatment. ,10/66 ,1
PRESQUE_LOST_MNGM_0001_1.csv,3. Pike size limit removed on entire  Ocqueoc R. watershed 1973. ,,1
GOGEBIC_ORMES_MNGM_0001_2.csv,"11. Perch thinned 6/83, 71.2#  removed with 7.9# bullheads. BLG  present in high nos. ",11/78 ,1
OSCODA_HUGHES_MNGM_0001_1.csv,"3. Treated with rotenone Aug. 30,  1971. Only black b. heads & sunfish ",3/79 ,1
MONTMORENCY_SUCKER_MNGM_0001_1.csv,"2. Poisoned in August, 1948. (barrier not  dam was built ",2/8/49 ,0
GOGEBIC_FOXPAW_MNGM_0002_2.csv,15. Stop logs removed 7/3/69. ,7/69 ,1
PRESQUE_SHOEPAC_MNGM_0001_1.csv,"6. Chemically treated, 9/80 ",2/81 ,0
IRON_RUNKLE_MNGM_0001_1.csv,5. Partially treated with rotenone  stocked with tiger muskies in 70. ,3/72 ,1
GRANDTRAVERSE_CHRISTMASTREE_MNGM_0002_1.csv,1. Treated with toxaphene for a  complete kill August 1959. ,9/59 ,1
BARAGA_ALBERTA_MNGM_0002_2.csv,18. Treated with antimycin 10/12/71 ,5/70 ,1
BARAGA_ALBERTA_MNGM_0002_2.csv,21. Done. Treated w/1ppm rotenone  10/75. ,1/76 ,1
BARAGA_ROLLAND_MNGM_0003_1.csv,7. Lake poisoned ,9/53 ,1
LUCE_TANK_MNGM_0003_1.csv,3. Poisoned (emul. rotenone) 8/10/50  (LSI) water still toxic.in October  after two tests (LSI) ,1950.0,0
BARAGA_LAWS_MNGM_0001_2.csv,18. Done; treated w/1 ppm rotenone ,6/71 ,1
BARAGA_LAWS_MNGM_0001_2.csv,21. Netted 5/79. 13480b. gills  weighing 1253 kg removed W.  15 net nights. ,10/77 ,1
GRANDTRAVERSE_TWINSOUTH_MNGM_0004_1.csv,2. Kill was complete; only bass and  trout present. ,3/67 ,0
NEWAYGO_KIMES_MNGM_0003_1.csv,1. Poisoned Sept. 1941 ,#784 ,0
SCHOOLCRAFT_EAST_MNGM_0001_1.csv,"3. 17.5#/ac. YEP, WHS, BBH & pss  removed w/nets 81 by USFS crews. ",1982 ,1
LAPEER_UNNAMED_MNGM_0001_1.csv,1. Rotenone applied by airplane. ,10/71 ,0
MARQUETTE_WOLF_MNGM_0001_2.csv,7. Treated with 127 gal. rotenone ,10/63 ,1
CRAWFORD_HARTWICK_MNGM_0001_1.csv,"2. Done-fall 1968- treated with rotenone  for a complete fish kill., and  in 1969 Redear X Green sunfish  were planted. ",2/69 ,1
ANTRIM_GREEN_MNGM_0001_2.csv,"11. Lake poisoned on Ocotber 3, 1956 ",'56 ,1
ANTRIM_GREEN_MNGM_0001_2.csv,"22. Chemically treated for total fish  fall, 1973. ",1/74 ,0
ANTRIM_GREEN_MNGM_0001_2.csv,"24. Chemically treated-10/76, ",2/79 ,0
OAKLAND_HART_MNGM_0002_1.csv,"2. Chem. treated, rotenone 9/8/65 ",9/65 ,1
ALGER_BEAVER_MNGM_0002_1.csv,2. Manually removed 22.0# white  suckers and 2.2# brn. bullheads per  acre 6/2-16 and 7/10-17/83 ,,0
BENZIE_LIME_MNGM_0001_1.csv,2. Lake killed out with rotenone  summer 1963 ,1-64 ,1
GLADWIN_HOISTER_MNGM_0006_1.csv,1. Poisoned 9-19-40 ,(continued) ,0
SCHOOLCRAFT_MINERVA_MNGM_0001_1.csv,7. Manual removal initiated spring 82  with removal of 13.7#/ac YEP (618.4#  in 72 net nights ,1982 ,0
IRON_NORWAY_MNGM_0001_2.csv,8. DONE. 38.91bs/ac removed in 5/82; ,1/83 ,1
KALKASKA_CROY_MNGM_0003_1.csv,1. Poisoned 8/58 with rotenone. ,12/58 ,0
SAGINAW_ZILWAUKEECITY_MNGM_0001_1.csv,1. Pond chemically treated in Sept. ,9/70 ,1
MARQUETTE_TWIN_MNGM_0001_1.csv,1. Lake poisoned in 1941. ,trout. ,1
MARQUETTE_TWIN_MNGM_0001_1.csv,"13. Treated with rotenone (. 075 ppm)  on Sept. 22, 1961 ",,1
LAPEER_LAES_MNGM_0001_1.csv,1. Rotenone applied by airplane. ,10/71 ,0
MARQUETTE_HAYWIRE_MNGM_0001_1.csv,"5. Treated with 6. 5 gal. rotenone  (. 6ppm)  Brook trout stocking program  (1,000-S) each fall) resumed  in 1961 ",,1
SCHOOLCRAFT_HUTT_MNGM_0002_1.csv,4. Manual removal initiated sp. '82 with removal of 32.9#/ac. YEP (782/9#  total) in 48 net nights ,,0
SCHOOLCRAFT_CUSINO_MNGM_0003_1.csv,10. Fish eradicated 8/11/64 using  emulsified rotenone (LSI) ,1964.0,1
MACKINAC_MCALPINE_MNGM_0001_2.csv,16. Over 30#/ac. YEP removed 4/81  w/fykes. ,1982 ,1
LAKE_SWITZER_MNGM_0003_1.csv,5. Cancel plans for poisoning because  of inventory results. I.A.R. ,,1
BARRY_SHAW_MNGM_0002_1.csv,1. Lake poisoned 10/1/62 (1 ppm  rotenone) by LSI ,(63) ,1
BARRY_SHAW_MNGM_0002_1.csv,4. Lake poisoned 6/17/63 (2 ppm  rotenone) by LSI ,GBB9/26/63 ,1
SCHOOLCRAFT_DUTCHFRED_MNGM_0003_2.csv,14. Eradicated species present after  attempts 9/9/66 and 9/20/66. Lake  still toxic 11/11/66 ,1967 ,0
ALCONA_OBRIEN_MNGM_0001_1.csv,4. The trout planting program was  continued temporarily pending  repoisoning. Also repoisoned  with Fish-Tox. Kill incomplete.  Treated again with Fish-Tox (the  highly lethal type). Acomplete ,,0
ALGER_NAWAKWA_MNGM_0001_2.csv,"9. Done, 1981. 5.3#/ac. bullheads  removed 81. Only 1.3# taken  82 w/ similar effort ",2/86 ,1
KEWEENAW_MEDORA_MNGM_0001_4.csv,"22. Manaul removal 5/81. 3260# perch  removed ave. 5.8"". . No walleye reprod.  evident, rbw and sm. bass no's good ",1/82 ,1
KEWEENAW_MEDORA_MNGM_0001_4.csv,22. (Cont.) 3195 pounds YEP removed  5/82. Five WAE year classes  exhibit good growth; 1981 year  class is strong. ,2/83 ,1
LUCE_PIKE_MNGM_0002_2.csv,15. Begun 81: 3#/ac. BBH removed in  81. ,1982 ,1
LAPEER_ROBINSON_MNGM_0001_1.csv,1. Rotenone applied by airplane. ,10/71 ,0
IRON_PERCH_MNGM_0001_1.csv,"3. Cont. Sucker removal attempted 5/82  we were too late, only 1700 1bs removed ",12/74 ,1
JACKSON_GILLETTS_MNGM_0001_2.csv,"9. 1, .100 gallons of rotenone applied  Total fish kill realized. Carp and  predominated.  Continued on card #2 ",7/30/69 ,1
STJOSEPH_EVANS_MNGM_0003_1.csv,4. Removed ,3/75 ,0
BARAGA_PRICKETTBACKWATER_MNGM_0001_1.csv,"4. Sample of bgills, perch, crappies  young bass obtained by rotenone  poisoning. Larger bass scale -  by angler contact. Bgills, crappies,  perch and young bass badly stunted.  Larger bass growing normally. ",7/62 ,1
LUCE_MUSGRAVE_MNGM_0003_1.csv,"3. Poisoned August 1948; stocked  200(L) and 2, 000(F) brook trout  1948 & 4,000(F) 1949 ",1949.0,0
LUCE_MUSGRAVE_MNGM_0003_1.csv,5. Perch re-established following  poisoning in 1948 (through beaver  channel in high water from lake  to east). Trout fishing expected  to decline. ,1951.0,1
GOGEBIC_LITTLEPRESQUEISLE_MNGM_0001_1.csv,"6. cont. netted 7/81. 463# b.gills,  607 # p. seed, 15# r. bass, 61# perch  removed. Total removal 1147#'s.  1930 # removed 1980. ",1/82 ,1
GOGEBIC_LITTLEPRESQUEISLE_MNGM_0001_1.csv,3. (Cont'd) Netted and boomshocked  by USFS 8/83. Panfish small and  abundant; predators small sized  and low in number. Manual removals  in 1980 and 1981 had no discernable  effects. ,1/82 ,0
OTSEGO_LOST_MNGM_0004_1.csv,8. Poisoned in 9/1950 ,,0
GRANDTRAVERSE_SANDLAKE2_MNGM_0001_1.csv,1. Lake poisoned fall 1956. ,12/56 ,1
DELTA_GOOSENECK_MNGM_0001_1.csv,7. One shallow-trap net on spawning  grounds removed 844 suckers in 12  ghts ,12/65 ,1
OGEMAW_NORTH_MNGM_0003_1.csv,"7. 31 pike removed in 1955-1956,  trapping discontinued thereafter ",155-156 ,1
MARQUETTE_SHAGLITTLE_MNGM_0001_1.csv,4. 6.91bs. /acre removed 4/78 ,6/73 ,1
CLARE_BERTHA_MNGM_0001_1.csv,"3. No seining due to winterkill 158-59.  Lake poisoned May 12, 1959. ",5/59 ,1
BARAGA_SIXMILECREEK_MNGM_0001_1.csv,11. Done-recovered less than 50  rotenone treatment deleted. ,7/68 ,1
ALGER_READY_MNGM_0001_1.csv,2. Lake treated with rotenone ,3/66 ,1
HILLSDALE_BAWBEESE_MNGM_0001_1.csv,3. Riparian owners not interested in  chemical reclamation at this time. ,12/79 ,1
BENZIE_BROOKS_MNGM_0002_1.csv,1. Treated with 20 ppb of toxaphene  (2.2 gal.) for complete kill in  November 1960. ,11/60 ,1
MACKINAC_MCALPINE_MNGM_0001_1.csv,6. 4 boards removed from dam--  cut area by 6 acres. ,1967 ,1
ALGER_NAWAKWA_MNGM_0001_1.csv,3. Removed 1968 ,1969 ,0
SCHOOLCRAFT_DUTCHFRED_MNGM_0003_1.csv,"4. Poisoned 8/12/49(LSI) -netting &  observations showed complete  kill;however received negative  report. 1500(L), 4000(F) brook trout  stocked 11/2/49 ",1949.0,0
SCHOOLCRAFT_DUTCHFRED_MNGM_0003_1.csv,"6. Poisoned 9/56; netted, toxicity  tested 10/56 (Mgt) ",1955.0,0
LAPEER_PINGLE_MNGM_0002_1.csv,1. Poisoned with rotenone. ,8-28-57 ,0
IRON_STAGER_MNGM_0001_1.csv,2. Biological & chemical Survey ,1958 ,1
IRON_STAGER_MNGM_0001_1.csv,1. Basic biological and chemical  inventory conducted in 1957.  Biological and chemical sampling  done in 1958. ,1958 ,1
GRATIOT_ALMA_MNGM_0001_1.csv,1. Exp. fish eradication program with  rotenone conducted 8/16/57.  Approx. 32tons carp removed. ,1957 ,1
GRATIOT_ALMA_MNGM_0001_1.csv,6. Chem. treated to eradicate  rough fish ,1964 ,1
GLADWIN_HOUSE_MNGM_0005_1.csv,"11. Lake poisoned Aug. 1957 with 5  ppb toxaphene. Killed all fish  under 3.5"" ",,0
KALAMAZOO_LONG_MNGM_0003_1.csv,"3. Treated with rotenone on Oct. 3 &  4, 1960 and fish pop. eliminated ",12/62 ,1
JACKSON_GILLETTS_MNGM_0001_1.csv,"4. Riparian owners accepted proposal  improving fishery by partial treatment  rotenone annually for over a four year  Lake treated Sept. 29,30, 1966. Good  kill observed. ",11/63 ,1
GOGEBIC_CRANE_MNGM_0003_1.csv,1. Chemical and biological survey ,9-21-52 ,0
OSCEOLA_ROSE_MNGM_0001_1.csv,10. Removed pike marsh dam. ,,0
IRON_JAMES_MNGM_0001_1.csv,7. Total treatment with antimycin  carried out on 5/11/72. Good  (over) ,3/72 ,1
GRANDTRAVERSE_SANDLAKE4_MNGM_0002_1.csv,1. Lake poisoned fall 1956. ,12/56 ,1
IRON_CAMP_MNGM_0001_2.csv,7. Done. Total eradication with  rotenone and antimycin ,2/70 ,1
IRON_CAMP_MNGM_0001_2.csv,"12. Done. 40 lbs. per acre of perch  and 40 lbs. per acre of suckers  removed May, 1983. ",2-84 ,1
DELTA_GOOSENECK_MNGM_0001_2.csv,11. Survey on 8/69 indicates poor  and poor trout potential.  (Misc.) Unsuccessful attempt made to  suckers in 5/68 and 900 1bs. and 18  of sqawn removed in 5/69. ,9/69 ,1
DELTA_GOOSENECK_MNGM_0001_2.csv,"18. Manual removal accomplished -  spring 1979, partial success.  Antimycin treatment - spring  1979, partial success. ",1/80 ,0
DELTA_GOOSENECK_MNGM_0001_2.csv,"19. Walleye fingerlings introduced  1979.  18A 5.6 lbs/acre WS, RB and YP  removed 1981 ",1/80 ,1
MARQUETTE_PERCH_MNGM_0001_1.csv,3. Treated with 170 gal. rotenone ,9/66 ,1
IRON_DEADMANS_MNGM_0003_2.csv,"6. (add1) Due to springs in lake, all  poisoning jobs to date have been  unsuccessful, ",5/63 ,1
OTSEGO_LOST_MNGM_0001_1.csv,8. Poisoned in 9/50 ,,0
OSCEOLA_CENTER_MNGM_0004_1.csv,"4. Poisoned 8/1947 with rotenone.  Lake designated as ""trout lake""  and closed to the use of live ",1950.0,0
GOGEBIC_MARION_MNGM_0001_4.csv,"18. Manual removal 6/80. Est. 25%  rock bass biomass catchable re-  moved. Musky growth good, walleye  pop excell. , b. gills good sized,  sm bass small E overabundant. ",12/80 ,0
CRAWFORD_CLEAR_MNGM_0002_1.csv,"2. Lake chem. treated with rotenone  fall 1967 but due to unavailability  of hybrids, a planting of brown  trout was made in 1968. ",4/69 ,1
DICKINSON_EDEY_MNGM_0001_1.csv,"6. Done. Treated 3 1/2 PPB antimycin  concentrate, Aug. 1970. ",BJ3/72 ,1
MACKINAC_REXTON_MNGM_0003_1.csv,3. Removed from minnow seining  list of lakes and streams ,1967.0,0
GRANDTRAVERSE_TWINNORTH_MNGM_0003_1.csv,8. Treated with toxaphene spring of  1961. ,3/55 ,1
LEELANAU_CEDAR_MNGM_0003_1.csv,"4. Trout designation removed  January 1, 1961. ",3/61 ,1
LAPEER_FORD_MNGM_0002_1.csv,1. Poisoned with rotenone. I&E. ,8-28-57 ,0
LAPEER_MIDDLE_MNGM_0001_1.csv,1. Rotenone applied by airplane. ,10/71 ,0
GENESSE_HASLER_MNGM_0003_1.csv,10. Treated with rotenone 9/7/64 but  test netting showed kill not complete.  Retreated 9/29 affecting complete  kill. ,11/18/64 ,1
MONTCALM_SOUTHWEST_MNGM_0001_1.csv,1. Lake mapped Lake surveyed (see fish coll. and  chemical data) ,8/66 ,1
MONTCALM_SOUTHWEST_MNGM_0001_1.csv,"3.2. Chemical treatment program  initiated.  4; Lake restocked with 4,300 rainbow  trout fingerlings ",8/66 ,0
MARQUETTE_CHAINOFLAKES_MNGM_0003_1.csv,2. Removed from list of designated  trout lakes effective 1957 ,2/63 ,0
LAPEER_WEST_MNGM_0003_1.csv,1. Poisoned with rotenone. ,8-25-57 ,0
WASHTENAW_SYLVAN_MNGM_0001_2.csv,14. Treated with rotenone 9/15/59. ,1959 ,1
STJOSEPH_SAND_MNGM_0001_1.csv,5. Total chemical treatment conducted  and restocking initiated on 10/74. ,10/74 ,1
CHEBOYGAN_WEBER_MNGM_0001_2.csv,"13. Lake poisoned with toxaphene  on October, 1955. ",55 ,1
MACKINAC_BAYCITY_MNGM_0001_1.csv,9. Lake chemically treated 9.28/81.  30#/ac W. suckers & 15#/ac. br.  bullheads removed. ,,1
MARQUETTE_GRANT_MNGM_0001_1.csv,"3. Treated with rotenone 9/10/68,  162 gallons, I PPM ",1/70 ,1
GENESSE_HOLLOWAY_MNGM_0002_1.csv,"3. Rotenone used to treat out Holloway  and Flint River watershed above during  week of Oct. 4-9, 1971. ",12/68 ,0
GENESSE_HOLLOWAY_MNGM_0002_1.csv,"7. Partial rehabilitation carried out  1976. Rotenone applied by boat and  upstream from speed boat ramp. Dead  up by DNR crews. Heavy kill, 90% of  which were carp. ",over ,0
LAPEER_DIPPER_MNGM_0001_1.csv,1. Rotenone applied by airplane. ,10/71 ,0
KENT_MARJELLA_MNGM_0001_1.csv,"1. Lake surveyed (see chem, and fish  collection  data) 2. Chemical treatment program  initiated. ",8/66 ,0
ALGER_HIKE_MNGM_0001_1.csv,"2. Lake mapped in summer 1952 and  treated with rotenone in August.  Brook trout planted in September  1952. 350 (L) and 1200 (SL) placed  on list of trout lakes and use of  minnows prohibited effective  Jan. 1, 1953. ",1952 ,1
CRAWFORD_BIGCREEK_MNGM_0001_1.csv,"6. Impoundment drained 4/70. Fish  harvested below dam at a temporary  3 pickup loads of small perch, sunfish  suckers harvested. Stream above dam  treated with rotenone to eliminate  remaining fish. Treatment unsuccessful  due to turbidity and a large shallow  marsh in sec. 14. Replanted w/rainbow  walleye fry. ",3/79 ,1
CRAWFORD_KNEFF_MNGM_0002_1.csv,5. Reclaimed with rotenone 9/14/76. ,3/79 ,1
LUCE_MUSKELLONGE_MNGM_0004_1.csv,8. Size limit removed 1968 ,1961 ,1
NEWAYGO_CRYSTAL_MNGM_0001_2.csv,9. Rotonone poisoning completed  9-16-59 ,9/59 ,1
NEWAYGO_CRYSTAL_MNGM_0001_2.csv,9. (con't) Poisoning killed virtually  100% of game fish population.  Subsequent seining established  necessity for stocking game fish. ,12/59 ,0
IRON_LONG_MNGM_0001_1.csv,2. Lake is producing fair to good trout  fishing. Poisoning job should be  poned until trout fishing success  drops off. ,11/60 ,0
IRON_LONG_MNGM_0001_1.csv,3. Local residents are not in favor  of poisoning out warmwater species.  Fishing success for trout very ,6/63 ,1
CRAWFORD_SHUPAC_MNGM_0003_2.csv,"15. Chemically reclaimed w/rotenone  5/18/76. Treatment not complete as  schools of golden shiner & sucker fry  observed on 6/2/76. A shoreline  w/rotenone was completed on 7/2/76.  thousand 1-2"" suckers & shiners plus  3 adult pumpkinseeds were kille. ",3/79 ,0
MARQUETTE_FORESTVILLE_MNGM_0001_1.csv,"4. Manual removal - May 1979, 34 1b  acre suckers & 5.4 1b./acre yellow  perch removed. ",1/80 ,0
MARQUETTE_SQUAW_MNGM_0001_1.csv,24. 64.4 lbs/acre of suckers removed  1981. Perch no problem ,12/81 ,1
CLARE_CROOKED_MNGM_0003_1.csv,4. Lake seined & poisoned Sept. 1958 ,1-59 ,1
IRON_WINSLOW_MNGM_0001_1.csv,"6. Done. Treated May 1979, with 0.5  ppb antimycin - results looked  very good. 250,000 walleye fry  planted after detoxification. ",2/81 ,1
OSCEOLA_CENTER_MNGM_0004_2.csv,8. Small bluegills becoming very  abundant. Observations following  poisoning in 1947 indicated kill  was not complete or warm water  fish were re-introduced by 1948. ,8/53 ,1
OSCEOLA_CENTER_MNGM_0004_2.csv,11. Poisoned 10/55. ,10/55 ,0
MONTMORENCY_SAGE_MNGM_0001_1.csv,2. Treated with rotenone Sept. 1963 ,1/7/64 ,1
LUCE_BELLELAKEONE_MNGM_0003_1.csv,3. See correspondence - June 1955 -  poisoning disregarded for pre-  sent.  ? Further netting completed by  IFR personnel 8/57. ,1955.0,1
IRON_DEADMANS_MNGM_0003_1.csv,"3. Lake not producing good trout  fishing. Warm water species  such as bluegills, perch, and  suckers over abundant- therefore  poisoning recommended. ",1956 ,1
IRON_DEADMANS_MNGM_0003_1.csv,"4. Fish population removed with  rotenone, Sept. 4, 1953. Kill  apparently complete. Trout  reintroduced.  Brook trout planted: 1953, 3000  (f) and 400 (A), 1954, 4000 (F). ",2/59 ,0
IRON_DEADMANS_MNGM_0003_1.csv,6. Lake poisoned in May and again in  Sept. 1958. Both unsuccessful. ,,1
MUSKEGON_DUCK_MNGM_0002_1.csv,1. Chemical water analysis ,8/65 ,0
MONTCALM_COLBY_MNGM_0001_1.csv,2. Partial chemical treatment  program initiated ,9/66 ,1
LAPEER_CLEAR_MNGM_0001_1.csv,1. Rotenone applied by airplane. ,10/71 ,0
MONTMORENCY_LITTLEBRUSH_MNGM_0004_1.csv,"16. Not done, chemical not available.SCS ",,1
BENZIE_DAVIS_MNGM_0002_1.csv,3. Treated with toxaphene for a  complete kill August 1959. ,"9,659 ",1
KENT_SCALLY_MNGM_0003_1.csv,8. Lake surveyed (see chemical  and fish collection data) ,8/65 ,1
WASHTENAW_SYLVAN_MNGM_0001_1.csv,9. Ponds treated with rotenone 1952 ,1952 ,1
CHEBOYGAN_WEBER_MNGM_0001_1.csv,8. Lake poisoned 1949. ,,1
BARAGA_PARENT_MNGM_0001_1.csv,7. Lake treated with toxaphene ,10/63 ,1
LAPEER_GERWALD_MNGM_0002_1.csv,1. Poisoned with rotenone. LAS.I. ,8-28-57 ,0
CHIPPEWA_SHELLDRAKE_MNGM_0001_1.csv,6. Chemical analysis 2/28/67 ,1968 ,0
LUCE_PERCHLITTLE_MNGM_0002_1.csv,3. Treated with (15 gals) emulsified  rotenone 7/18/66 (LSI-Mgt)  evaluated 8/12/66 ,1966.0,1
CALHOUN_BEADLE_MNGM_0001_1.csv,2. About 63% of lake surface treated  rotenone 10/28/58 by LSI ,CMT6/59 ,1
ALGER_FISH_MNGM_0001_1.csv,"9. Partial chemical reclamation with  Antimycin spring 1979, partial  success. ",1/80 ,0
ALGER_FISH_MNGM_0001_1.csv,"11. Manual removal conducted 1979,  partial success. ",1/80 ,0
GRANDTRAVERSE_SANDLAKE5_MNGM_0002_1.csv,1. Lake poisoned fall 1955. ,12/56 ,1
ALGER_TRUEMAN_MNGM_0001_1.csv,6. Lake treated with rotenone in Sept.  1948. ,10/1948 ,1
IRON_SMOKY_MNGM_0001_2.csv,"13. Done. 1,634 kg. of suckers  were removed in the process of  taking 160 liters of sucker eggs  May21-25, 1980. ",2/81 ,1
IRON_SMOKY_MNGM_0001_2.csv,13. Lake association removed suckers  in '81 and '82. ,1/83 ,1
DELTA_DEEP_MNGM_0001_1.csv,"5. 4.6 lbs. / acre of WS, N.P., , BH &  RB removed w/nets 7/80 ",1/79 ,1
BRANCH_ROSE_MNGM_0004_1.csv,4. Lake removed from list. ,1965 ,1
ALLEGAN_LOWERSCOTT_MNGM_0003_1.csv,"1. Lake mapped 1951-1952  Lake chem. treated (partial, 80%)  with rotenone on exp. panfish reduction  program. L. m. bass and n. pike  planted after treatment. ",8/28/56 ,1
ALLEGAN_LOWERSCOTT_MNGM_0003_1.csv,"5. 1,044 pounds removed for forage  at Wolf Lake Hatchery. See Summ. ",1/67 ,1
LAPEER_SPEARS_MNGM_0002_1.csv,1. Poisoned with rotenone. ,5.1.8-28-57 ,0
CLINTON_BURKE_MNGM_0003_1.csv,1. Lake chemically treated and stocked  with brook trout starting 1942 ,1949 ,1
CLINTON_BURKE_MNGM_0003_1.csv,16. Lake treated with rotenone  9/10/62 ,,1
IRON_SNIPE_MNGM_0001_1.csv,"2. Done. Results encouraging  3 Done. Suckers, perch 40 pump I  kinseeds were removed 5/80. Few  walleyes (40-45cm) from 1977 fry  plant were netted; 3150 finger-  ling walleyes planted 7/80 ",1-78 ,1
MARQUETTE_SCHWEITZERCREEK_MNGM_0001_1.csv,8. 19 lbs/acre WS and YP removed with  nets in 1980. ,12/81 ,1
HOUGHTON_PERRAULT_MNGM_0001_1.csv,5. Lake treated with rotenone in 1957 ,12/56 ,1
LAPEER_MIRROR_MNGM_0001_1.csv,1. Rotenone applied by airplane. ,10/71 ,0
ALGER_SAND_MNGM_0001_1.csv,4. During 9/12 thru 10/8/84 13.5#/ac  bullheads were removed w/ fykes. ,2/86 ,1
ALGER_TROUT_MNGM_0004_1.csv,8. 9.8 lbs/acre removed 1981. ,12/81 ,1
IRON_IRON_MNGM_0001_1.csv,"10. Done. 11.3 lbs/acre of perch  removed May, 1983; 20,000  walleye fing. planted July 1983. ",2/84 ,1
ONTONAGON_PAULDING_MNGM_0001_2.csv,8. Rotenone treatment not justified.  Dropped. Pond refilled 4/67. ,3/67 ,0
VANBUREN_NORTH_MNGM_0004_1.csv,2. Chemically treated in 9/62. ,10/62 ,0
OTSEGO_OPAL_MNGM_0002_1.csv,9. 13.3 lbs/acre suckers removed  Spring 1980 ,,1
KALKASKA_DAVIS_MNGM_0002_1.csv,1. Poisoned 8/58 with rotenone. ,12/58 ,0
OTTAWA_CROCKERY_MNGM_0001_1.csv,5. Chemical treatment completed. ,5/71 ,0
OTTAWA_CROCKERY_MNGM_0001_1.csv,9. Selective treatment with antimycin  completed; kill light. ,1979 ,1
DICKINSON_ONIEL_MNGM_0003_2.csv,"4. Poisoned by LSI with approx. 5  rotenone, 28 gal. Incomplete kill  indicated by post-treatment netting.  Test fish lifted and lake detoxified ",8/29/63 ,0
KEWEENAW_FANNYHOOE_MNGM_0001_4.csv,"23. Treated w/0.5  ppm rotenone 10/19 24. 15000 rbw X 6.9"" released  6/78; 16275 rbw x 5.6"" released 9/78. ",,1
MENOMINEE_LINNBECK_MNGM_0004_2.csv,14. Rotenone treatment in 1967 not  effective. Treated with antimycin  in 1968 and restocked with trout.  Rock barrier working well.  14a. Northern pike re-established-.  suspect barrier inadequate. ,8/68 ,0
MENOMINEE_LINNBECK_MNGM_0004_2.csv,15. Treated with antimycin in  fall of 1972 and planted  with rainbow trout. Barrier  not replaced.  15a. Northern pike & perch  reestablished. ,3/72 ,1
MARQUETTE_BASS_MNGM_0001_1.csv,9. 17.8 lbs/Acre suckers and 6.6 lbs  acre perch removed with nets in 1981 ,12/81 ,1
KENT_FISK_MNGM_0002_1.csv,2. Lake treated with rotenone ,7/64 ,1
OTSEGO_FORD_MNGM_0001_1.csv,"5. Poisoned out, Aug. 26, 1946  Poisoning only partly successful. ",,0
MARQUETTE_GINGRASS_MNGM_0003_1.csv,"1. This recommendation a result of  IFR survey in 1950. A few ""wild""  trout present, but their condi-  tion poor, and area of trout  water is very limited.  Removed from ""trout"" list as of  1951. ",,0
BARAGA_VAN_MNGM_0003_1.csv,3. Netting failed to take SM bass but  spot poisoning showed bass are  reproducing successfully and are  apparently established. ,8/63 ,1
LUCE_SILVER_MNGM_0004_1.csv,5. 200-600(L) brook trout stocked each  year from 1950 to 1960 depending  on water level-varied due to beaver  dams below. Has produced excellent  fishing.  2a. Removed from list 1963(F-FA)  3a. Discontinued regulations 1963  (F-FA) ,1960.0,0
MONTCALM_WEST_MNGM_0002_1.csv,2. Chemical treatment initiated ,8/66 ,0
SCHOOLCRAFT_TIMIJON_MNGM_0002_1.csv,3. Chemical analysis 1953 (1FR)  not suitable for trout. ,1972.0,0
MARQUETTE_JOHNSON_MNGM_0007_1.csv,8. Treated with 257 gal. rotenone and  declared non-toxic 10/28/63 ,10/63 ,1
MARQUETTE_BLAIR_MNGM_0003_1.csv,"1. Poisoned (ineffectively) because  .5 Rotenone was supplied instead  of 55% Repoisoned properly  Aug. 1947  Planted 7,000 - 3"" brooks  Several large (11-13"") brooks but  none later.  Pond netted-only suckers and  minnows. ",8/30/L6 ,0
MARQUETTE_BLAIR_MNGM_0003_1.csv,3. Repoisoned with emusifiable ro-  tenone 12.5 gals. ,1948 ,1
STJOSEPH_CLEAR_MNGM_0003_1.csv,7. Partial chem. treatment with 1.5  antimycin was conducted. ,5/75 ,1
IONIA_WOODARD_MNGM_0003_1.csv,3. Chemically treated 0.5 ppb.  Sept. 1963 ,5/64 ,0
LAPEER_POSS_MNGM_0001_1.csv,1. Rotenone applied by airplane. ,6/70 ,0
IRON_MITCHELL_MNGM_0003_1.csv,4. Antimycin used in 1968 in an  attempt to partially remove the  perch population. ,3/72 ,0
HOUGHTON_ONGIE_MNGM_0003_1.csv,"8. Dropped. Fishing reported as being  fair to good for 1. m. bass, b. gills,  and rock bass. Results of 1963  netting do not justify chemical  treatment. ",1/64 ,1
GOGEBIC_MARION_MNGM_0001_1.csv,5. Suckers removed by netting in 1960  and 1961. ,4/61 ,1
CLINTON_BURKE_MNGM_0003_2.csv,22. Chemically treated 9/65 ,1965 ,0
CLINTON_BURKE_MNGM_0003_2.csv,29. Chemically treated in Sept. 69. ,10/69 ,0
CLINTON_BURKE_MNGM_0003_2.csv,31. Chemically rehabilitate and  restocked - poor results. ,1974 ,0
HOUGHTON_PERRAULT_MNGM_0001_2.csv,19. Treated w/0.5 ppm rotenone 10/77. ,10/77 ,1
MANISTEE_COPEMISH_MNGM_0002_1.csv,4. Stream treated rotenone 5/24/65  Rainbow trout planted 6/65. ,5/27/65 ,1
OAKLAND_GRAvel_MNGM_0003_1.csv,"3. Rotenone treatment Oct. 1970.  Planted SM Bass, bluegill X green  sunfish (Hybrid), rainbow trout. ",12/76 ,0
DICKINSON_ONIEL_MNGM_0003_1.csv,"2. Poisoned, August 1953. Kill in-  complete, F. Warren 9/30/53 ",11/53 ,0
DICKINSON_ONIEL_MNGM_0003_1.csv,9. Lake was not poisoned in 1955 ,,1
DELTA_SCHAAWE_MNGM_0003_2.csv,14. Treated with rotenone in 8/65 ,9/65 ,1
MARQUETTE_TWINLAKES_MNGM_0001_1.csv,1. Trout lake designation removed  effective 1954. ,1/69 ,1
MENOMINEE_LINNBECK_MNGM_0004_1.csv,2. Poisoned 9/11/40. ,3/55 ,0
MENOMINEE_LINNBECK_MNGM_0004_1.csv,"8. Poisoned 9/8/54, barrier dam  installed by LSI. 1000 legal  brook trout planted 11/3/54. ",,0
GOGEBIC_BOBCAT_MNGM_0001_1.csv,chemical treatment recommendation. ,1/82 ,1
OSCODA_CRATER_MNGM_0002_1.csv,10. Treated with rotenone 9/13/76.  Est. 25 1bs of minnows/acre & 20  trout were killed. ,,1
BARRY_PINE_MNGM_0003_1.csv,6. 11/70 survey indicates a fiar  & bass pop. Thinning unnecessary at  this time. ,4/71 ,0
LUCE_SYPHON_MNGM_0003_1.csv,3. Fish removed 10/15/59 using 15  gal. imul. Rotenone( see notes  and refs. LSI  4 Toxicity checks made 11/3/59;  4/29-5/3/60(LSI) non toxic ,1959.0,0
HOUGHTON_ECHO_MNGM_0001_1.csv,"4.1 kg/ha p. seed, 3.6 kg/ha perch  1 kg/ha W. suckers removed with ",10/77 ,1
OAKLAND_FENTON#1_MNGM_0002_1.csv,5. Treated with rotenone ,9/6/63 ,1
OTSEGO_LOSTWEST_MNGM_0001_1.csv,"6. Poisoned, August, 1948 ",,0
LAKE_NORTH_MNGM_0002_1.csv,"3. Barges removed by blasting and  hauling in fall, 1957. ",future ,1
MARQUETTE_SHAGBIG_MNGM_0001_2.csv,11. Manual removal of suckers (38.5  acre) & yellow perch (11.3 1b/  acre) accomplished 5/79. ,1/80 ,0
MARQUETTE_SAGOLA_MNGM_0001_1.csv,1. Removed from trout list effective  1-1-49. ,1952.0,0
ALCONA_HORSESHOE_MNGM_0001_1.csv,1. Poisoned with toxaphene 9/22/54 ,1955 ,0
LAPEER_DOLLAR_MNGM_0001_1.csv,1. Rotenone applied by airplane. ,10/71 ,0
OSCODA_TWIN_MNGM_0001_1.csv,1. Poisoned 8-29-41. Legal trout  planted in 1941.  1942: 221 (A) brook trout-N.basin  285 (A) brook trout-S.basin ,,0
GOGEBIC_CISCO_MNGM_0001_1.csv,2. Lake removed from list. ,8-54 ,1
LAPEER_CHEROKEE_MNGM_0001_1.csv,1. Rotenone applied by airplane. ,10/71 ,0
TUSCOLA_MURPHY_MNGM_0003_1.csv,"7. Partial kill wsing rotenone as  toxicant(78% of surface area & 68%  of volume). Dead bluegill abundant,  carp common, LM bass common,  pike few. ",5/24/57 ,1
ALCONA_POPLAR_MNGM_0001_1.csv,2. Completed Aug. 1971. Kill appeared  complete. Lake planted w/hybrid sunfish  (bluegill X green sunfish) only. ,3/79 ,0
NEWAYGO_BITLEY_MNGM_0003_1.csv,"3. Removed and held in tanks 168  largemouth bass, 21 northern pike,  6 crappies, and 84 perch, all  adults, in two pre-poisoning  seine hauls with 27001 seine. P  Poisoned all but 2.16 acres  10/16/57. ",1/58 ,0
SCHOOLCRAFT_ASHFORD_MNGM_0003_1.csv,2. Poisoned summer 1948 ,1948.0,0
OAKLAND_BIGSEVEN_MNGM_0001_1.csv,3. Total treatment via helicopter &  boat with Antimycin 9/17/74 ,12/74 ,0
KALAMAZOO_BONNIECASTLE_MNGM_0003_1.csv,"3. Removed from general winterkill  1970, general list eliminated. ",,0
LAPEER_LONG_MNGM_0004_2.csv,10. Treated with . 1 ppm rotenone  (Pro-Nox Fish) Kill heavy on young  of year bgill and small pike. ,2/65 ,0
LAPEER_LONG_MNGM_0004_2.csv,13. Treated with . 15 ppm Pro-Nox  Kill extremely light--almost  appeared ineffective. WEM ,8/66 ,0
CHIPPEWA_SOLDIER_MNGM_0001_2.csv,21. (add) only 2.ac. removed 4/81;  project complete. ,10/82 ,1
CHIPPEWA_SOLDIER_MNGM_0001_2.csv,"21. Done, 12.7 kg/HA removed w/nets  5/80 ",1984 ,1
PRESQUE_TOMAHAWK_MNGM_0001_1.csv,5. Size limit removed on pike 1973. ,2/79 ,1
GRANDTRAVERSE_LONG_MNGM_0003_1.csv,"3. 1953-Sucker removal promoted by  Long Lake Improvement Ass'n,  carried out by commercial fisher-  man Edwin Whiteford of 920 Hastings,  Traverse City. Total No. removed  by TRAP netting - 1415  1954 - sponsored by Long Lake  Improvement Ass'n; removal by  Conrad Buckner of Interlochen.  Total No. removed by SEINING - 1491 ",1953 ,1
GRANDTRAVERSE_LONG_MNGM_0003_1.csv,"6. Sucker removal May 13, 14, 1955; removed 358. ",8/15/55 ,1
DELTA_SQUARE_MNGM_0001_2.csv,"15. 10,998 YP (av.=6.3"") removed  w/nets. 0.75 ppm rotenone applied  10/20/83. ",1982 ,1
DELTA_LYMAN_MNGM_0001_2.csv,"15. 2.3 lbs/acre removed 1981, spawning  areas found ",1/82 ,1
ALGER_ROCK_MNGM_0001_1.csv,1. Water analysis showed trout water.  Perch population appears well  balanced but lake is not fished  for this species. Lake poisoned  in August 1952 and planted as per  #1 across in fall. Legal size  trout left pectoral marked. ,9/12/51 ,1
KALKASKA_RAINBOW_MNGM_0003_1.csv,"8. Poisoned 8/58 with rotenone, ",12-58 ,0
MONTCALM_MARL_MNGM_0001_1.csv,3. Survey completed - trout survival  evident. A few robust northern pike  were removed - continue program. ,,1
DELTA_MOWE_MNGM_0002_1.csv,"8. Treated with 0.9 pbb Antimycin  6/78. Good kill of sunfish, perch  and minnows/ ",1/79 ,0
DELTA_CORNER_MNGM_0001_1.csv,"8. Management plan written.  7 USFS removed 8.2 lbs/acre suckers,  pike, rock bass and bullheads ",2/80 ,1
OAKLAND_CHITTENDEN_MNGM_0002_1.csv,3. Chemically treated 8/8/66. ,10/66 ,0
ALLEGAN_SHEFFER_MNGM_0003_2.csv,13. Total chemical treatment (rotenone)  and restocking completed. ,10/76 ,1
ALGER_MOCCASIN_MNGM_0001_1.csv,3. 12.3 1bs/acre of suckers manually  removed with fyke nets 5/78. ,1/79 ,1
LUCE_YOUNG_MNGM_0004_1.csv,3. Poisoned August 1948 ,1949.0,0
WAYNE_INTERNATIONAL_MNGM_0001_1.csv,2. Chem. treated with rotenone for  complete kill - fall 1968 ,2/69 ,1
CASS_GARVER_MNGM_0003_1.csv,"2. Treated, 0.5 ppm rotenone 10/18/63-  retreated 0.5 ppm 10/31/63. ",2/64 ,1
OTSEGO_OTSEGO_MNGM_0003_1.csv,34. Pike marsh treated with 2 ppm  rotenone 9/27. ,DRP9/10/65 ,1
ONTONAGON_COURTNEY_MNGM_0001_1.csv,5. Lake partial-poisoned with rotenone ,8/56 ,1
ONTONAGON_COURTNEY_MNGM_0001_1.csv,8. Netting indicates lake contains large  numbers of perch and small p. seeds  (F) trout plantings are showing  survival but poor growth.  9 Treated with toxaphene ,6/59 ,1
KENT_CAMPAU_MNGM_0001_1.csv,4. Lake surveyed (see chemical  and fish collection data) ,7/65 ,1
KENT_CAMPAU_MNGM_0001_1.csv,6. Chemical rehabilitation completed ,12/65 ,0
ONTONAGON_SUDDEN_MNGM_0001_2.csv,15. Done: 485.5 # perch (220.6 kg)  removed 5/26-6/1/79 and 8/20-  24/79. 56 net nights effort. ,11/79 ,1
ONTONAGON_SUDDEN_MNGM_0001_2.csv,"15. contd. Manual removal 7/81. 830#  perch @ 3.5"" removed. N. pike responding  from '79 & '80 man. rem. through  increased natural reproduction. ",1/82 ,0
OCEANA_SILVER_MNGM_0004_2.csv,8. Removed from list as a result of  E. H. Anderson's check on- spring  mortality in the lake. Young-of-  the-year walleyes numerous among  dead fish. Natural reproduction  by this species in Silver Lake  demonstrated. ,5/72 ,0
LAKE_MCCARTHY_MNGM_0003_1.csv,"1. Scale samples obtained after  poisoning in summer, 1954. ",9/54 ,1
LAKE_MCCARTHY_MNGM_0003_1.csv,"3. Poisoned Aug. 4, 1954. Many  yellow bullheads, one bluegill  found at time of poisoning. ",9/54 ,0
OAKLAND_BALDMT_MNGM_0003_1.csv,"4. Killed out with rotenone, LSI 10/59 ",11/64 ,0
OAKLAND_BALDMT_MNGM_0003_1.csv,6. Chem. treated with rotenone ,10/66 ,1
OAKLAND_BALDMT_MNGM_0003_1.csv,10. Chemically treated 8/12/66 ,,0
BARAGA_KEEWAYDIN_MNGM_0001_2.csv,"16. 744 SMB ave. 7.7"" removed 9/82  by D-2. ",1/83 ,1
BARAGA_KEEWAYDIN_MNGM_0001_2.csv,"16. Cont'd. 904 SMB ave 7.5"" "" removed  8/83. Total weight 305# or 2#/acre.  66 SMB over 10"" returned. ",10/83 ,1
CHEBOYGAN_HEMLOCK_MNGM_0001_1.csv,"7. Planted with brown trout and  used as control in fertilization  experiments in 1948, 1949, 1950.  Poisoned in Sept. 1950. ",,0
MARQUETTE_JUST_MNGM_0003_1.csv,2. (Revise as follows) Lake mapped  in March 1960 and treated with  rotenone (47 gals) in Oct. 1960  Brook trout stocking program  resumed in spring 1961 ,1960 ,1
LAPEER_SQUAW_MNGM_0001_1.csv,1. Rotenone applied by airplane. ,10/71 ,0
KENT_LIME_MNGM_0001_1.csv,5. Lake survey (see chemical  and fish collection data) ,10/65 ,1
LUCE_PEANUT_MNGM_0001_1.csv,"2. Poisoned August, 1948 ",1948.0,0
LUCE_PEANUT_MNGM_0001_1.csv,"6. Change in trout stocking program  as re-introduction of bluegills by  persons unknown. Bluegills & LM  bass appeared in 1951  2a. Poisoned Oct. 8, 1957(LSI) - gill  netted 11/57 (total kill) still  toxic 11/57  4a. Brook trout stocked according to  rec. See stock. record. Excellent  fishing 1959 & 1960; in 1961 stock  200(L) in June & 400 in October  Fishing good 1961 (L)  4b. Stocked 3000(SL) brook trout  and 400(L) 1965  4c. Brook trout stocked 5000 (FF)  1966; 1500(Y) 1967; 1500(Y) 1968 ",1952.0,0
ALGER_SKEELS_MNGM_0001_1.csv,"4. 34 lbs/acre NP, WS and BH removed  1980 with nets. ",12/81 ,1
STJOSEPH_KLINGER_MNGM_0001_1.csv,4. Chemical analysis indicates good  trout potential. ,1971 ,0
BARRY_ALGONQUIN_MNGM_0003_1.csv,3. Chemically treated (east 75%) with  rotenone Sept. 1964. $419 donated by  local residents ,10/64 ,0
LAPEER_LONG_MNGM_0004_1.csv,"4. Treated with C. I. C. synergized  of 1/10 ppm. Kill light on bgill and  Very heavy pike, perch & small ",conc. ,0
LAPEER_LONG_MNGM_0004_1.csv,6. Lake treated with 1 ppm rotenone  (C.I.C) synergized). ,62 ,1
LAPEER_LONG_MNGM_0004_1.csv,8. Treated with 1 ppm rotenone (C.  synergized). Killappeared ,9/12/63 ,0
KENT_SCRAM_MNGM_0002_1.csv,4. Chemical rehabilitation completed ,DLW10/65 ,0
ALGER_PICKEREL_MNGM_0001_1.csv,5. 5.5#/ac of bullheads and suckers  removed 9 thru 10 - 84 ,2/86 ,1
GRANDTRAVERSE_LONG_MNGM_0003_2.csv,"9. Toxaphene treatment cancelled, ",11/60 ,0
HOUGHTON_CRYSTAL_MNGM_0001_2.csv,"12. Lake treated with rotenone 8/25/66;  7,000 ff rainbows planted 11/9/66  (+3.0). ",8/65 ,1
LAPEER_WATTS_MNGM_0002_1.csv,7. Treated with r otenone for complete  kill. Dist. ,10/6/65 ,1
DELTA_LYMAN_MNGM_0001_1.csv,1. Cancel recommendation #1 for the  L. & S. I. advises partial poisoning  not perfected enough to do the desired  Fishing for bass and bluegills still  enough to make complete poisoning  at this time. ,9/58 ,1
NEWAYGO_BROOKS_MNGM_0002_1.csv,5. Treated with Rotenone 9/11/70 ,1/71 ,0
IRON_SPREE_MNGM_0001_1.csv,5. Done. Treated with 1.0 ppb  antimycin 11/12/81 ,3/82 ,1
LAPEER_INDIAN_MNGM_0002_1.csv,1. Toxicant rotenone applied with aim  for total kill. L&S. ,10-29-57 ,0
KENT_HANNAH_MNGM_0002_1.csv,1. Lake poisoned by LSI on 8/21/56. ,1956.0,1
GOGEBIC_TWIST_MNGM_0001_1.csv,"2. Revised, explore possibility of  treating lake with AntimycinA  in June  2(cont). Lake treated with antimycin  (1 ppb) 8/12/68 ",12/67 ,0
GOGEBIC_LITTLELANGFORD_MNGM_0001_1.csv,3. Manual removal 8/80. 14.7 kg/  ha P. seed; 1.75 kg/ha bullhds. ,10/80 ,0
KALAMAZOO_WEST_MNGM_0003_1.csv,"3. Chemically treated October 3, 1960 ",10/61 ,0
ALLEGAN_SHEFFER_MNGM_0003_1.csv,"4. Treated 9/63, 3-5 ppb. toxaphene ",5/64 ,1
LIVINGSTON_WOODLAND_MNGM_0003_1.csv,2. Lake chemically treated ,6/57 ,1
ALGER_AUTRAIN_MNGM_0001_2.csv,"10b. 14,025 lbs. of BBH removed ",7/82 ,1
LAPEER_BARBER_MNGM_0002_1.csv,1. Poisoned with rotenone. L&S.I. ,8-28-57 ,0
BARAGA_STJOHNS_MNGM_0001_1.csv,2. Manual removal 7/82. 33.6# YEP  and 79# BLG removed. 49 NOP and  40 SMB and 2 CWS also caught. ,1/83 ,0
GRANDTRAVERSE_SANDLAKE1_MNGM_0003_1.csv,"2. Poisoned September 9, 1953. ",1/53 ,0
GRANDTRAVERSE_SANDLAKE1_MNGM_0003_1.csv,8. Lake poisoned fall of 1956. ,1955 ,1
MONTCALM_MIDDLE_MNGM_0002_1.csv,2. Lake poisoned by LSI ,1959 ,1
MONTCALM_HUNTER_MNGM_0002_1.csv,1. Lake surveyed (see chemical and  fish collection data) ,8/66 ,1
MONTCALM_HUNTER_MNGM_0002_1.csv,2. Lake chemically rehabilitated ,8/66 ,1
ONTONAGON_SUDDEN_MNGM_0001_1.csv,"6. Reports indicate no game species  present except an occasional brook  trout. Activities rept. L. R. Anderson,  8/48. Biol. surv. by IFR in 1949  6(cont). Lake does not have sufficient  potential to warrant bringing it under  mgt. If introduction of bass and bgills  does not give definite results it  be considered for minnow production,  especially if it were poisoned and  fathead minnows and suckers  re-introduced ",1950 ,1
IRON_DEER_MNGM_0001_2.csv,9. 271 suckers weighing 196 lbs.  removed in spring of 1962 by LSI  Results on rainbow trout have been  very poor because of abundance of  rough fish. ,7/63 ,1
CHIPPEWA_FRENCHMAN_MNGM_0003_1.csv,10. Size limit on n. pike removed ,1968.0,1
MARQUETTE_ARFELIN_MNGM_0003_1.csv,3. Treated with rotenone and barrier  constructed on outlet. ,9-56 ,1
VANBUREN_SCOTT_MNGM_0003_1.csv,"3. Chemically treated with rotenone  for panfish reduction in 1958 and  a barrier installed in outlet and  pike marsh constructed. Lake  stocked with 11,500 (F) LM bass  in 1958 and 4,000 (F) LM bass,  14 (L) and 3,112 (F) pike in 1959. ",12/62 ,0
GOGEBIC_MORAINE_MNGM_0001_2.csv,"9. Delete, chemical not available. ",11/78 ,1
MARQUETTE_TROUTBIG_MNGM_0001_2.csv,"8. (cont.) fingerling brooks in fall  1951. Removed from rainbow list  January 1, 1951. ",1957 ,0
MARQUETTE_WITCH_MNGM_0002_1.csv,25. 16.2 lbs./acre WS removed 5/83. ,1983 ,1
DELTA_ROUND_MNGM_0001_1.csv,12. 4758 lbs. of BH & 144 lbs. of RB  & WS removed w/fyke nets 9/81.  12A. 537 lbs. of BH removed 9/82. ,1982.0,1
IRON_DAWSON_MNGM_0001_1.csv,8. Attempts to obtain easement for  barrier improvement have failed.  Lake was treated with rotenone &  antimycin 7 October 1975 and  converted to warmwater management. ,2/81 ,1
MARQUETTE_SPORLEY_MNGM_0004_1.csv,2. Poisoned (partially) in 1947. ,8/21/51 ,0
PRESQUE_EMMA_MNGM_0001_1.csv,3. Size limit on pike removed on  entire Ocqueoc River watershed-1973. ,2/79 ,1
LAPEER_STACY_MNGM_0001_1.csv,1. Rotenone applied by airplane. ,10/71 ,0
VANBUREN_HUZZYS_MNGM_0003_1.csv,"8. Chemical treatment completed with rotenone. Restocked with bass, bluegills, perch and trout. ",10/76 ,0
MONTCALM_WHITEFISHLITTLE_MNGM_0001_1.csv,5. Chemical water analysis. ,1978 ,0
GRANDTRAVERSE_CHANDLER_MNGM_0003_1.csv,1. Lake poisoned September 1957  with tomphene rotenone. ,10/57 ,1
DICKINSON_BASS_MNGM_0003_1.csv,2. Basic biological and chemical  inventory conducted in 1957.  Biological and chemicah sampling  done in 1958. ,10/63 ,1
SCHOOLCRAFT_NEDS_MNGM_0003_1.csv,3. Poisoned 10/4/57(LSI) toxicity  check 11/5/57 (Mgt) ,1957.0,0
HOUGHTON_HAUGER_MNGM_0001_1.csv,8. Lake treated with rotenone 6/26/68 ,8/67 ,1
ONTONAGON_SIXMILE_MNGM_0004_2.csv,"7. 967 pounds b. gills & 1440 pds.  blk. bullheads removed 6/5-14/79  by USFS. Walleye pop. est. 469,  n. pike pop. est. 300. ",11/79 ,1
MARQUETTE_ISLAND_MNGM_0003_1.csv,4. Poisoned in 1948. ,1/20/49 ,0
GOGEBIC_SUMMIT_MNGM_0001_1.csv,"6. Manual removal 6/81; 465# b.gill &  215# perch. 32 1mb ave. 6.3"" & 200 g.  shiners collected. ",1/82 ,0
GRANDTRAVERSE_FISH_MNGM_0002_1.csv,1. Partial treatment with toxaphene  in 1958. ,1958 ,1
MARQUETTE_CAMPFIVE_MNGM_0003_1.csv,7. Removed from trout list effective  1957. ,3/57 ,0
GOGEBIC_FINGER_MNGM_0001_1.csv,2. Lake treated with toxaphene ,1963 ,1
IRON_FIRE_MNGM_0001_1.csv,6. Done. 58.6 lbs. / acre of suckers  were removed in May 1984. ,3/82 ,1
HOUGHTON_LKTHIRTEEN_MNGM_0001_2.csv,"9. Done. USFS, YACC crew removed  8 kg/ha 6/25/79. ",2/80 ,1
OTSEGO_DIXON_MNGM_0001_1.csv,7. Thinning completed 4/24/73.  Interim stocking of rainbow.  Walleye not available. ,1/74 ,0
MARQUETTE_KIDNEYSOUTH_MNGM_0001_1.csv,3. Chemical analyses made in Feb.  1970. ,12/70 ,0
SCHOOLCRAFT_ROSSLAKE_MNGM_0001_1.csv,2. Size limit removed 1/76. ,1/76 ,1
SCHOOLCRAFT_ROSSLAKE_MNGM_0001_1.csv,5. Thinned 1982 removing 10.5# and ,12/82 ,0
SCHOOLCRAFT_ROSSLAKE_MNGM_0001_1.csv,"6. Removed 4.1# per acre NOP ave.  length 18.1"" winter 1982-83. ",1985 ,0
PRESQUE_OCQUEOC_MNGM_0001_1.csv,3. Size limit on pike removed on  entire Ocqueoc R. watershed 1973. ,2/79 ,1
DELTA_CHICAGO_MNGM_0001_1.csv,8. Manual removal unsucc -May'80;  less than 2.0#/ acre fish removed ,1983 ,0
DELTA_CHICAGO_MNGM_0001_1.csv,9. 0.75 ppb antimycin applied to  shoals 6/81. 35 lbs./acre BG & YP  removed. Good BG fishery reported  82 & 83. ,,1
ALGER_MUDDYANDGRIMES_MNGM_0001_1.csv,2. 18 1bs. /acre of bullheads manually  removed 1978-shortage of chemical ,1/79 ,1
PRESQUE_BEARDEN_MNGM_0001_2.csv,11. Treated with rotenone on August ,10/59 ,1
PRESQUE_BEARDEN_MNGM_0001_2.csv,"14. Surveyed, 1971, stunted pike  population.  NOTE: Chemical treatment on #15 only  approved with public support. ",1/74 ,0
MARQUETTE_ARFELIN_MNGM_0001_2.csv,27. Treated with rotenone 9/74 ,10/74 ,1
SCHOOLCRAFT_TRIANGLE_MNGM_0003_1.csv,2. Lake chemically reclaimed. ,10/78 ,1
WASHTENAW_BARTON_MNGM_0001_1.csv,3. Rotenone applied to partially  impoundment 10/3/72. Excellent results.  Carp population had predominated ,2/73 ,0
OTSEGO_MANUKA_MNGM_0001_1.csv,"4. 6,866 black bullheads weighing  1502 lbs. manually removed sp. 79 ",2/81 ,1
GOGEBIC_MORAINE_MNGM_0001_1.csv,2. Lake treated with 0. 25 ppm rotenone  5/26/66; desired extent of thinning  was achieved. ,7/65 ,1
LUCE_RAINEY_MNGM_0001_1.csv,6. Survey 10/82 produced no fish.  Chemical analysis 7/83 revealed  trout will not survive some  summers due to temp. /Do problems. ,7/83 ,0
MARQUETTE_TROUTBIG_MNGM_0001_1.csv,1. Poisoned out in 1938. ,9-22- ,0
MARQUETTE_TROUTBIG_MNGM_0001_1.csv,"10. Netting check by Long, Sept. 5.  1950 indicated that the Aug.  1950 poisoning was complete. ",,1
DELTA_ZIGMAUL_MNGM_0001_1.csv,3. Treated with rotenone ,9/62 ,1
LUCE_BARCLAY_MNGM_0003_1.csv,"9. Species eliminated (Rotenone),  8/22/69. ",1968 ,0
IRON_SKYLINE_MNGM_0001_2.csv,11. Done. Treated with 1.0 p.p.b.  antimycin on 11/12/81 ,3/82 ,1
MARQUETTE_SPORLEY_MNGM_0004_2.csv,"17. Manual removal completed 1981  because of Roteone costs. 36.7 lbs/acre  YP, WS &PS removed. ",12/81 ,0
LUCE_MINISTIQUENORTH_MNGM_0005_1.csv,"8. Assisted by resort operators  Novak, Wiskin & Tressler removed 6500 adult W. suckers during early ",1957.0,1
KALKASKA_PETERS_MNGM_0002_1.csv,"1. Poisoned 8/58 with rotenone, ",12/58 ,0
PRESQUE_NONAME_MNGM_0001_1.csv,"3. Removed from trout program, 1951,  Poor or no returns. ",,0
SCHOOLCRAFT_PETES_MNGM_0001_2.csv,"11. 2,379 #WHS (12.25 #/ac) removed  6/82 by USFS, but 6/84 survey  indicated WHS still comprised  76.5% of biomass. ",,1
BARRY_DEEP_MNGM_0003_1.csv,3. Removed from list. ,1950 ,0
LAPEER_BREMMER_MNGM_0002_1.csv,1. Poisoned with rotenone. LAS.I. ,8-28-57 ,0
LUCE_BASS_MNGM_0003_2.csv,15. Lake treated as recommended (see  Chemical rehabilitation report)  16 Lake stocked as recommended. ,LRA3/71 ,0
WASHTENAW_MILL_MNGM_0001_1.csv,2. Lake treated for complete kill with  rotenone 5/6/57 ,1944 ,1
KENT_QUIGGLE_MNGM_0002_1.csv,5. Lake surveyed (see chemical  and fish collection data) ,10/65 ,1
GOGEBIC_FINGER_MNGM_0001_2.csv,11. Lake treated with rotenone ,6/68 ,1
CALHOUN_LEE_MNGM_0001_1.csv,2. Lake checked 9/16/48. Lake  thermally and chemically suited  for trout. ,1950 ,1
BARRY_DAGGETT_MNGM_0002_1.csv,1. Lake poisoned 10/2/62 (1 ppm  rotenone) by LSI ,GBB / 26 / 63 ,1
BARRY_DAGGETT_MNGM_0002_1.csv,4. Lake poisoned 6/17/63(1ppm  rotenone) by LSI ,1/67 ,1
PRESQUE_BEARDEN_MNGM_0001_1.csv,"6. Modification of management program  necessitated by re-establishment  warm water species, and high water  makes present dam ineffective.  Poisoned & dam rebuilt in Aug. 52 ",,0
WASHTENAW_GEDDES_MNGM_0001_1.csv,3. Pond still down to thread of stream  when treated with rotenone on October  1972. Excellent results. Carp had  population. ,2/73 ,1
CLARE_BLUEGILL_MNGM_0003_1.csv,2. Lake seined & poisoned w/rotenone  Oct. 1958. ,1-59 ,1
NEWAYGO_CONDON_MNGM_0001_1.csv,5. Complete rotenone poisoning  completed 10/59. ,2/69 ,1
OTSEGO_SECTIONFOUR_MNGM_0001_1.csv,"5. Planted 100 legal-sized brook  in fall and 50 (A) in spring,  1944 and 1945. Revised.  Poisoned, August 1948 ",9/1950 ,0
OTSEGO_SECTIONFOUR_MNGM_0001_1.csv,9. Poisoned with emulsifiable rotenone. ,,0
LUCE_LONG_MNGM_0006_1.csv,7. Fish eradicated using 5ppm 2.  emul. rotenone 8/14/64 (LSI) and  test netted 9/11/64 (LSI) ,1964.0,1
KALAMAZOO_EAGLE_MNGM_0004_1.csv,"3. Survey seined (800' seine) in 157  and chemically treated with rotenone  for panfish reduction in 158. Lake  restocked with 5,000(F) LM bass,  1,320 (F) pike and 1,000(L) r'bow  trout in 1958. Lake stocked with  3,500(F) LM bass, 75(SL) and 24(L)  pike in 1959. Lake survey seined  in spring of 1959 and 1960. ",1961 ,1
ALGER_KINGSTON_MNGM_0001_1.csv,3. Stocked 200-950 legal sized  brook trout annually 1953-56  2a. Poisoned 10/7/57; checked tox-  icity and completion of poison  11/4/57-restocked ,12/56 ,0
MONTCALM_GRASS_MNGM_0001_1.csv,1. Lake surveyed (see chemical and  fish collection data)  2 Lake chemically rehabilitated ,8/66 ,1
LIVINGSTON_CHEMUNG_MNGM_0001_1.csv,12. Pier installed 5/18/76 and removed  11/8/75 due to local controversy. ,1/77 ,1
NEWAYGO_FREMONT_MNGM_0003_1.csv,3. Two areas treated with rotenone  6/19/57. Results negative ,12/71 ,1
NEWAYGO_SAND_MNGM_0002_1.csv,2. Partially poisoned 8/49 ,3/57 ,1
NEWAYGO_SAND_MNGM_0002_1.csv,"6. 38,344 (4.2"") bluegills removed  10/57. Estimated 25%-50% removal ",9/57 ,1
LAPEER_WATTS_MNGM_0003_1.csv,1. Treated with Rotenone. ,#11 ,0
ROSCOMMON_STHELEN_MNGM_0002_2.csv,"8. Pilot project attempted during Oct.  13-Nov. 20, 1978. 1000 lbs. of bullheads  & 1100 1bs of carp removed in 410 net ",3/79 ,1
LAPEER_DUPEROW_MNGM_0001_1.csv,1. Toxicant rotenone applied with aim  for total kill. L& ,10-29-57 ,0
LAPEER_DUPEROW_MNGM_0001_1.csv,5. Treated with rotenone LSI ,,1
LAPEER_DUPEROW_MNGM_0001_1.csv,7. Treated with Rotenone (Pro-Nox-  fish) for complete kill. ,,0
LAPEER_LONG_MNGM_0005_1.csv,3. Kill out by rotenone applied by  airplane after drawn down. ,8/71 ,0
GRANDTRAVERSE_HIGH_MNGM_0003_1.csv,1. Treated 4/24/59 with 0.9 gal. of  toxaphene by K.G.F. & S.J.L.  Concentration of 4 p.p.b. used. ,10/59 ,1
MISSAUKEE_GOOSE_MNGM_0003_1.csv,1. Chemical treatment cancelled in ,4/59 ,0
SCHOOLCRAFT_CRESCENT_MNGM_0002_1.csv,2. Poisoned 10/14/59 using 12 gal. ,11/59 ,0
SCHOOLCRAFT_CRESCENT_MNGM_0002_1.csv,8. Removed 19622. ,,0
LAPEER_CEDAR_MNGM_0001_2.csv,15. Treated with rotenone for complete  kill. ,8/67 ,1
LAPEER_CEDAR_MNGM_0001_2.csv,19. Treated with Fintrol 5. Kill  not complete as some small bullheads  were seen in followup observation. ,1153074 ,0
MARQUETTE_CLEAR_MNGM_0002_1.csv,11. Survey on 6/24/69 indicateds need  for chemical rehabilitation. ,7/69 ,1
GOGEBIC_MARELL_MNGM_0002_1.csv,"3. First treatment completed 8/27/65  (0, 38ppm). Kill apparently very  light - consisted primarily of 1. m.  bass 1""-10"" ",6/66 ,0
GRANDTRAVERSE_BROWNBRIDGE_MNGM_0002_1.csv,"1. Pond drained fall 1963, but not  enough to allow rotenone treat-  ment; cancelled project. ",1-64 ,1
SCHOOLCRAFT_NINETEEN_MNGM_0001_2.csv,2.5 emulsified rotenone 9/22/64  (LSI). Pop. est. made (Mgt). Test  netted 10/23/64 ,1964.0,1
MONTCALM_SPRING_MNGM_0001_1.csv,1. Lake surveyed (see fish collection  and chemical data) ,8/66 ,1
KENT_BASS_MNGM_0002_1.csv,2. Lake chem. treated with rotenone  summer 1957 for panfish reduction  and restocked with 1000(F) 1. m.  in 1957 and 400(F) pike in 1958 ,1/61 ,1
GRANDTRAVERSE_DOLLAR_MNGM_0005_1.csv,1. Lake treated w/3 gallons toxaphene  on 6-25-57 ,8-53 ,1
KALKASKA_GUERNSEYBIG_MNGM_0003_1.csv,"5. Lake killed out with rotenone  fall, 1963 ",1/64 ,1
LIVINGSTON_TEAHAN_MNGM_0002_1.csv,8. Chemically treated in Sept. 1969  Rehabilitation report) ,10/69 ,0
PRESQUE_ELLA_MNGM_0001_1.csv,3. Size limit on pike removed on ,2/79 ,1
LAPEER_WINNS_MNGM_0001_1.csv,1. Rotenone applied by airplane. ,10/71 ,0
OTSEGO_OTSEGO_MNGM_0002_2.csv,23. Pike marsh treated with 1 ppm  rotenone 11/17. ,1961 ,1
GOGEBIC_HILLTOP_MNGM_0001_1.csv,3. Poisoned with fishtox in Aug. 1949 ,1/49 ,0
ALLEGAN_LITTLEJOHN_MNGM_0003_1.csv,7. 1971 chemical analysis indicates  good trout potential. ,2/73 ,1
BARRY_LONG_MNGM_0004_1.csv,2. Chemically treated. ,1964 ,0
PRESQUE_FRANCIS_MNGM_0001_1.csv,5. Size limit on pike removed 1976. ,2/79 ,1
HOUGHTON_BASS_MNGM_0001_1.csv,3. Lake poisoned ,1958 ,1
HOUGHTON_BASS_MNGM_0001_1.csv,5. Angler contact indicates fishing  during early season but most of  trout removed by June 1 ,11/60 ,1
MONTCALM_TAMARACK_MNGM_0001_1.csv,2. Lake surveyed (see chemical and  fish collection data). ,10/65 ,1
MONTCALM_TAMARACK_MNGM_0001_1.csv,4. Chemical rehabilitation completed ,12/65 ,0
MONTCALM_SAWDUST_MNGM_0002_1.csv,1. Lake poisoned by LST ,1959.0,1
KENT_PINEISLANDLITTLE_MNGM_0001_1.csv,4. Lake surveyed (see chemical and  fish collection data) ,9/65 ,1
DELTA_CAMP7_MNGM_0003_1.csv,"4. Treated with rotenone in Sept., 1958  (1/4 ppm). . Complete kill achieved. Bass  not available for fall plant. ",1957 ,1
SCHOOLCRAFT_CLEAR_MNGM_0003_1.csv,"6. Poisoned 9/23/58(LS) checks show  suckers( see notes & ref) lett.file  5 - 6. Stocked 2000(L) rainbow 1958-59.  also 10, 000(F), surplus 1959;  1500(L) 1960 & 1100(L) 1961; good  rainbow fishing reported summer  1960 & 61; also midwinter 1960-6 ",1959.0,0
DICKINSON_PICKEREL_MNGM_0001_1.csv,"5. (Cont.) The present planned brook  trout management does not include  chemical treatment, so bass, blue-  gills and suckers will still be  available for eagle food. ",,1
ROSCOMMON_STHELEN_MNGM_0002_1.csv,6. Done--size limit removed starting  in 1968.  Add: Size limit inadvertently restored  about 1973 or 74. Size limit again  removed in 1978. ,5/69 ,1
KALAMAZOO_DUSTIN_MNGM_0003_1.csv,"2. Removed from general winterkill  list in 1970, general list ",,0
IRON_MADELYN_MNGM_0001_1.csv,5. Done; treated with antimycin  8 May 1975. Six perch were  taken in post-treatment  netting. ,74 ,1
MARQUETTE_PICKETS_MNGM_0003_1.csv," result of I.F.R. survey in June, 1950  l. Removed from trout list and  planting discontinued as of  January 1, 1951. ",1951 ,0
MARQUETTE_PICKETS_MNGM_0003_1.csv,2. Removed from trout list 1/1/51 ,12/65 ,0
CHIPPEWA_ANDRUS_MNGM_0001_1.csv,6. Eradicated fish present 8/14/64  using emulsified rotenone. ,1964.0,0
IRON_GIBSON_MNGM_0001_1.csv,"2. i, 361 suckers weighing 1, 852 lbs.  removed in spring of 1962 by LSI ",10/62 ,1
LAPEER_CEDAR_MNGM_0001_1.csv,2. Rotenone applied - total kill ,/8/55 ,0
LAPEER_CEDAR_MNGM_0001_1.csv,7. Toxicant rotenone applied-total  kill. LSI ,10/29/57 ,0
OAKLAND_FENTON#2_MNGM_0002_1.csv,5. Pond treated with rotenone at con-  centration of 2 ppm ,9/6/63 ,1
LAPEER_MCDOWELL_MNGM_0002_1.csv,1. Poisoned with rotenone. L ,S.I.8-28-57 ,0
OTSEGO_TWINNORTH_MNGM_0001_1.csv,"7. Poisoned, August 1948 ",,0
SCHOOLCRAFT_NINETEEN_MNGM_0001_1.csv,2. Treated with rotenone late summer  1953(LSI). Kill apparently complete  trout held in live box overnight Mgt) ,1953 ,0
SCHOOLCRAFT_NINETEEN_MNGM_0001_1.csv,8. Treated with 75 gal. rotenone at  for complete kill by LSI 9/16/63  Test netting by LSI 10/18/63 (in-  complete kill)  Checked with test fishby LSI 11/6/  63 (found non-toxic) ,9/63 ,1
MARQUETTE_BROCKY_MNGM_0003_2.csv,9. Treated with 188 gal. rotenone  8/23/63 and declared non-toxic  10/28/63. ,10/63 ,1
MARQUETTE_BROCKY_MNGM_0003_2.csv,"11. Revised. Kill incomplete, no  need to prohibit use of minnows ",10/64 ,0
OAKLAND_DEEP_MNGM_0003_1.csv,"2. Poisoned Sept. 12, 1941. Total  population removed. ","3,190 ",0
DICKINSON_MARY_MNGM_0001_2.csv,13. Done. Kill was light. ,1/79 ,0
SCHOOLCRAFT_SECTION10_MNGM_0003_1.csv,1. Lake mapped by LSI crew (Feldhau-  ser) 9/57 and poisoned 10/57 ,10/57 ,1
OAKLAND_HARTWIG_MNGM_0002_1.csv,1. Eradication carried out using  rotenone as toxic agent. Note -  treatment restricted to lake proper  due to uncertainty of obtaining  complete kill in the brushy ime  poundments below and no suitable  location for barrier dam to pre-  vent reinfestation of carp. W. E. M. ,9-14-60 ,1
OAKLAND_HARTWIG_MNGM_0002_1.csv,4. Killed out with rotenone ,11/63 ,0
MARQUETTE_TILDEN_MNGM_0003_2.csv,10. Trout lake designation removed  effective 1964 ,12/65 ,1
KALAMAZOO_AUSTIN_MNGM_0003_1.csv,"3. Chemically treated Oct. 3-4, 1960, ",10/61 ,0
LAPEER_WHEELOCK_MNGM_0001_1.csv,1. Rotenone applied by airplane. ,10/71 ,0
PRESQUE_MAY_MNGM_0001_1.csv,3. Pike size limit removed on entire  Ocqueoc R. watershed 1973. ,2/79 ,1
MECOSTA_ROGERS_MNGM_0003_1.csv,3. Treated fall of 1967 with rotenone ,1/68 ,1
ALGER_TRIANGLE_MNGM_0001_1.csv,2. 22.5#/ac bullheads removed w/fykes  9/12 thru 10/12/84. ,2/86 ,1
OTSEGO_OTSEGO_MNGM_0002_1.csv,10. Section B poisoned 10-8-53 and  blocked off over winter to  eliminate predator fish and to  sample fingerling pike produced  before control. Section again  poisoned 10-14-54 and production  of pike fingerlings after control  compared to before control. In-  conclusive results indicate  further testing necessary. ,1953 ,1
LAPEER_BAPTIST_MNGM_0002_1.csv,1. Lake poisoned with rotenone. ,8-28-57 ,1
LAPEER_TAYLOR_MNGM_0001_1.csv,1. Rotenone applied by airplane. ,10/71 ,0
HOUGHTON_BOB_MNGM_0001_2.csv,17. Done. 10/79 w/0.5 ppm rotenone  distributed by helicopter. ,11/77 ,1
DELTA_CAMP7_MNGM_0003_2.csv,"8. Fish collection Sept. 1961 shows  rock bass, SM bass, perch and  rainbows in that order. Kill apparently  no complete. ",11/61 ,0
DELTA_CAMP7_MNGM_0003_2.csv,18. Rotonone treatment - fall 1979. ,1/80 ,1
OAKLAND_ALGOE_MNGM_0002_1.csv,1. Killed out with rotenone. ,9/11/63 ,0
ALGER_IRWIN_MNGM_0001_1.csv,3. Lake mapped 2-51 and treated with  rotenone in September 51. ,10-51 ,1
MARQUETTE_NASH_MNGM_0003_1.csv,7. Removed from trout list effective  1/1/67 ,,0
OAKLAND_LITTLESILVER_MNGM_0002_1.csv,"9. Total chemical treatment (Rotenone  on 10/11/76. Cold water (55 F) delayed  detoxification until Jan., 1977 ",1/77 ,0
ALGER_AUTRAIN_MNGM_0004_1.csv,"2. Commercial trap netting in winter  of 1951-52 and fall of 52 removed  4388 suckers (10,794 lbs. ",11-52 ,1
ONTONAGON_TANLUND_MNGM_0001_1.csv,"5. Removed from list of waters open  to winter rainbow fishing.  2(cont). 1000 sublegal rainbow trout  planted in 1962  2(cont). 2500 sublegal rainbow trout  planted in 1963, 1964. ",1959 ,0
LAPEER_ROODS_MNGM_0001_1.csv,1. Rotenone applied by airplane. ,10/71 ,0
WASHTENAW_CASSIDY_MNGM_0003_1.csv,"3. Pop. est. made with nets, seine,  and rotenone ",8/64 ,1
MONTCALM_TRIANGLE_MNGM_0001_1.csv,2. Lake chemically rehabilitated ,8/66 ,1
GLADWIN_ELK_MNGM_0003_1.csv,2. Lake poisoned fall 1959. ,1/60 ,1
HOUGHTON_CLEAR_MNGM_0004_1.csv,"3. Netting results Warren, 1950)  poor survival in face of large pop.  of small perch. Poisoning rec. ",12/50 ,0
HOUGHTON_CLEAR_MNGM_0004_1.csv,5. Lake poisoned 9/13/52;non-toxic  by 10/12/52 ,10/52 ,1
DELTA_DANA_MNGM_0001_1.csv,"6. Manual removal, 1979. 11/1b. acre  of rock bass, bullheads and  white suckers. ",1/80 ,0
VANBUREN_SADDLE_MNGM_0001_1.csv,"4. Lake chemically treated (partial)  with rotenone, Aug. 1956, retreated  (complete) in June 1958, and carp  barrier installed in outlet. ",10/61 ,1
BARAGA_ALICE_MNGM_0002_1.csv,10. Lake treated with toxaphene  1958. Two very large brown trout  killed. ,10/58 ,1
LUCE_BRUSH_MNGM_0002_1.csv,3. Sheet piling dam constructed  summer 1956 and repaired summer  1957 (LSI).  Poisoned 9/21/56 - netted; kill  complete; no evidence of LM  bass carryover (LSI-Mgt). ,1957.0,0
LUCE_BRUSH_MNGM_0002_1.csv,8. Complete kill 9/11/63 using rotenone  (Pro-Nox-Fish) LSI ,1960.0,1
LAPEER_PERO_MNGM_0003_1.csv,1. Poisoned with rotenone. ,3.1.8-28-59 ,0
OTSEGO_HEART_MNGM_0001_2.csv,"11. Treated w/Antimycin, May, 1975. ",2/79 ,0
OAKLAND_DICKENSON_MNGM_0001_1.csv,"3. Treated with 200 units Antimycin  Antimycin 8-73 Good kill, bullheads  only fish gill netted 1 week later ",10/73 ,0
OAKLAND_DICKENSON_MNGM_0001_1.csv,"5. Treated with 50 units Antinycin  (top 10 feet) 9-74, 40 lbs/acre carp  removed. Good survival of rainbows ",11/74 ,1
IRON_CHICAGON_MNGM_0001_2.csv,"16. Done. 38.7 lb/acre of perch  removed in April-May, 1981; also  30,000 walleye fingerlings and 1.7  million walleye fry planted. ",,1
IRON_CHICAGON_MNGM_0001_2.csv,16. cont. 17.7 lbs/ac. perch removed  5/82 & 3.6 mil. WAE fry planted with  fair survival to fall ,,1
GOGEBIC_MOON_MNGM_0001_3.csv,18. 6/19-22/79. Manual removal of r.  bass not successful. Other species  appear well balanced. Rbw. fishery  excellent. ,12/79 ,0
PRESQUE_MUD_MNGM_0003_1.csv,2. Size limit on pike removed on  entire Ocqueoc R. watershed 1973. ,,1
GOGEBIC_MOOSEHEAD_MNGM_0001_1.csv,6. Lake treated with 0. 1 ppm rotenone  5/25/66; kill believed to be very  light. ,5/66 ,1
LAPEER_MUD_MNGM_0001_1.csv,1. Rotenone applied by airplane. ,10/71 ,0
MISSAUKEE_LOON_MNGM_0003_1.csv,5. Lake treated for a complete kill  with toxaphene April 1959. ,9/59 ,1
MECOSTA_SCHOOLSECTION_MNGM_0003_1.csv,4. Treatment with rotenone completed  by LSI 5/59. ,1/61 ,1
LAPEER_HALL_MNGM_0001_1.csv,1. Rotenone applied by airplane. ,10/71 ,0
CLARE_WINDOVER_MNGM_0003_1.csv,6. Lake poisoned September 30. ,10-58 ,1
ISABELLA_HALLS_MNGM_0003_1.csv,4. Lake poisoned fall 1959. ,1/60 ,1
ISABELLA_HALLS_MNGM_0003_1.csv,10. Lake seined 1961. Warm water specie  heavily re-established. Results  of poisoning poor to date. ,,1
CHEBOYGAN_CORNWELL_MNGM_0001_1.csv,"3. Done, summer 1969, No trout and  no oxygen from surface to bottom.  NOTE: Because of low oxygen trout  did not survive. However, Rough  fish were able to re-establish.  Therefore, should be chemically  treated prior to continuing  trout stocking. ",2/70 ,1
DELTA_JACKPINE_MNGM_0001_1.csv,7. 5.8 lbs/acre WS removed 1980.  7A. 4.9 lbs/acre YP and 1.9/bls/acre  BG removed 1981 ,8/62 ,1
KEWEENAW_THAYERS_MNGM_0001_1.csv,4. netted 5/19-22/80. 101.2 kg.  (2. 18 kg/ha) suckers removed in  24 net nights. Term. by equip.  failure. ,,1
ALGER_AUTRAIN_MNGM_0004_2.csv,10. Approximately 5 1bs/acre removed  1978. ,1/79 ,1
ALGER_AUTRAIN_MNGM_0004_2.csv,"10. 3.5 lbs. bullheads removed 1979.  average size increaded 0.5"" ",1/82 ,1
MARQUETTE_SPORLEY_MNGM_0005_1.csv,2. Poisoned (partially) in 1947 ,8-51 ,0
MARQUETTE_ROUND_MNGM_0004_1.csv,"2. Removed from list of designated  trout lakes effective January 1,1951 ",,0
LAPEER_MERLIN_MNGM_0001_1.csv,1. Rotenone applied by airplane. ,10/71 ,0
LEELANAU_LIME_MNGM_0003_1.csv,4. Given light toxaphene treatment  August 1959 ,11/61 ,1
LEELANAU_LIME_MNGM_0003_1.csv,7. Effective partial chemical kill. ,3/67 ,1
MARQUETTE_ROCK_MNGM_0002_1.csv,8. Lake treated 9/62 and barrier  constructed in outlet. Kill  and barrier dam washed out. First  treatment plant made 9/63. ,9/63 ,0
HOUGHTON_CLEAR_MNGM_0004_2.csv,9. Lake treated with rotenone  10/13/64 ,10/64 ,1
ALGER_BAR_MNGM_0001_1.csv,"7. Manual removal conducted 1979,  partial success. ",1/80 ,0
ALGER_BAR_MNGM_0001_1.csv,"8. Partial treatment with Antimycin  1979, partial success. ",1/80 ,0
BARRY_WILLIAMS_MNGM_0003_1.csv,4. Chem. removed fish pop. 8/10/66 ,2/67 ,1
IRON_CHICAGON_MNGM_0001_1.csv,5. Lake removed from list of lakes  open to fall spearing w/artificial  light in 1956 ,10/56 ,1
LAPEER_TWIN_MNGM_0001_1.csv,1. Toxicant rotenone applied with aim  for total kill. L& ,10-29-57 ,0
LAPEER_TWIN_MNGM_0001_1.csv,6. Rotenone applied ,13/63 ,0
LAPEER_TWIN_MNGM_0001_1.csv,8. Complete kill with rotenone in  spring 1974. ,10/73 ,1
LAPEER_TWIN_MNGM_0001_1.csv,10. Treated with Rotenone (Pro-noxfish)  for complete kill Dist. ,11/13/74 ,0
GOGEBIC_MOOSEHEAD_MNGM_0001_2.csv,"13. Manual removal 6/80. 356 kg  b.gill, 149 kg P. seed, 71 kg b.  crappie, 23 kg r. bass & 94 kg  y. perch removed. LM bass and  n. pike nos. good ",,0
CASS_STONE_MNGM_0003_1.csv,2. Chemically treated October 1959. ,5/63 ,0
GOGEBIC_KUNSCHKE_MNGM_0001_1.csv,"6. Netted 8/80; Lm bass, b. gills  P. seeds, walleye & crappie nos.,  sizes fair. 15 kg perch, 64 kg.  suckers E 3.2 kg bullhead removed ",12/80 ,1
MONTCALM_NEVINS_MNGM_0001_2.csv,19. N. pike removed in spring; none  in fall survey; rainbow trout stocked. ,1973 ,1
MARQUETTE_TROUTBIG_MNGM_0002_1.csv,23. Lake totally treated with Rotonone  1979. ,1/80 ,1
KENT_SPRING_MNGM_0001_1.csv,2. Lake survey (see chemical and  fish collection data) ,8/65 ,1
KENT_LONG_MNGM_0001_1.csv,5. Partial reclamation complete; yoy  bluegill removed at 5PPB. ,1972.0,1
MARQUETTE_TEAL_MNGM_0001_1.csv,"5. 37,122 WS removed 5/82.  (79.6 lbs. / acre) ",,1
JACKSON_PORTGAGECREEK_MNGM_0003_1.csv,"6. Treated with rotenone 9/15/59.  Good kill observed. Species killed:  carp, 1. m. bass, bluegills, grass  pickerel, p. seeds, warmouth, chub  suckers, golden shiners, yellow  brown bullheads, no trout. One  trout reported salvaged. ",1959 ,1
JACKSON_PORTGAGECREEK_MNGM_0003_1.csv,8. Rotenone rehabilitation treatment  conducted 10/12/64. Water was  cold and fish reacted slowly. Kill  looked good. ,1965 ,0
OTSEGO_TWINSOUTH_MNGM_0001_1.csv,6. Poisoned Aug. 1948 ,,0
OTSEGO_TWINSOUTH_MNGM_0001_1.csv,8. Poisoned with Fish-Tox in 1950 ,,0
LIVINGSTON_MURRAYLITTLE_MNGM_0001_1.csv,4. Lake chemically treated. ,#0/66 ,1
SCHOOLCRAFT_COLWELL_MNGM_0004_1.csv,8. Partial poisoned second time  9/8/66 (Mgt) ,1967 ,1
SCHOOLCRAFT_COLWELL_MNGM_0004_1.csv,12. Partial poison 8/20/69 Rotenone  2 thru --Delete. ,1970 ,0
SCHOOLCRAFT_NEDS_MNGM_0002_1.csv,8. Rec. in 10/61 (posted 1959)  3a. Complete fish kill using 2. 5%  emul. rotenone at 5pp (LSI)  9/23/64 and pop. est. made (Mgt) ,1961 ,1
MARQUETTE_HAMPTON_MNGM_0001_1.csv,5. 16.2 lbs/ac. of suckers & 0.8 lbs  per acre of perch removed 1980. ,12/81 ,1
